name,reviews,types,type,website,category,latitude,longitude,popularity
The National Museum of Modern Art Tokyo,6508.0,"[
  ""Art museum"",
  ""Tourist attraction""
]",Art museum,https://www.momat.go.jp/,art,35.6905432,139.7546932,A
teamLab Borderless: MORI Building DIGITAL ART MUSEUM,21534.0,"[
  ""Art museum"",
  ""Museum""
]",Art museum,https://www.teamlab.art/jp/e/tokyo/,art,35.6620689,139.7432671,A
Mori Art Museum,6305.0,"[
  ""Modern art museum"",
  ""Museum""
]",Modern art museum,https://www.mori.art.museum/jp/,art,35.6604621,139.7292785,A
Tokyo National Museum,25959.0,"[
  ""National museum"",
  ""Art museum"",
  ""Museum"",
  ""Tourist attraction""
]",National museum,https://www.tnm.jp/,general,35.7188351,139.7765215,A
Artizon Museum,2139.0,"[
  ""Art museum"",
  ""Restaurant""
]",Art museum,https://www.artizon.museum/,art,35.678841399999996,139.7716322,B
"Currency Museum, Institute for Monetary and Economic Studies, Bank of Japan",2086.0,"[
  ""Museum"",
  ""Tourist attraction""
]",Museum,http://www.imes.boj.or.jp/cm/index.html,general,35.685461499999995,139.7716826,B
Edo-Tokyo Museum,12658.0,"[
  ""History museum"",
  ""Cultural institution"",
  ""Museum"",
  ""Tourist attraction""
]",History museum,https://www.edo-tokyo-museum.or.jp/,history,35.6965972,139.7957336,A
ART AQUARIUM MUSEUM,3891.0,"[
  ""Art museum"",
  ""Aquarium"",
  ""Art gallery"",
  ""Goldfish store"",
  ""Modern art museum"",
  ""Museum"",
  ""Theme park"",
  ""Tourist attraction""
]",Art museum,https://artaquarium.jp/,art,35.6713698,139.7657375,B
Minato Science Museum,533.0,"[
  ""Science museum"",
  ""Museum""
]",Science museum,https://minato-kagaku.tokyo/,stem,35.6657665,139.7458724,C
Panasonic Shiodome Museum of Art,1623.0,"[
  ""Art museum"",
  ""Art gallery"",
  ""Tourist attraction""
]",Art museum,https://panasonic.co.jp/ew/museum/,art,35.6659066,139.7619241,C
Extinct Media Museum,47.0,"[
  ""Museum""
]",Museum,https://extinct-media-museum.blog.jp/otemachi/,general,35.689636799999995,139.76790359999998,E
Mitsubishi Ichigokan Museum,3047.0,"[
  ""Art museum"",
  ""Art gallery"",
  ""Museum"",
  ""Tourist attraction""
]",Art museum,http://mimt.jp/,art,35.6785286,139.7633347,B
Meteorological Science Museum by the Japan Meteorological Agency (JMA),151.0,"[
  ""Science museum""
]",Science museum,https://www.jma.go.jp/jma/kishou/intro/kagakukan.html,stem,35.665625299999995,139.7460642,D
Museum Tower Kyobashi,228.0,"[
  ""Corporate office"",
  ""Art museum""
]",Corporate office,https://museumtower-kyobashi.com/,specialty,35.6788272,139.7719545,D
Mitsui Memorial Museum,1543.0,"[
  ""Art museum""
]",Art museum,https://www.mitsui-museum.jp/,art,35.6867991,139.7735492,C
Science and Technology Museum,3634.0,"[
  ""Science museum"",
  ""Tourist attraction""
]",Science museum,https://www.jsf.or.jp/,stem,35.691589,139.75306899999998,B
Pola Museum Annex,469.0,"[
  ""Art gallery"",
  ""Art museum"",
  ""Tourist attraction""
]",Art gallery,http://www.po-holdings.co.jp/m-annex/,art,35.6742613,139.767948,D
Police Museum,2419.0,"[
  ""Museum"",
  ""History museum"",
  ""Tourist attraction""
]",Museum,https://www.keishicho.metro.tokyo.lg.jp/about_mpd/welcome/welcome/museum_tour.html,general,35.6751199,139.76954089999998,B
CREATIVE MUSEUM TOKYO,126.0,"[
  ""Museum"",
  ""Art gallery""
]",Museum,https://creative-museum.tokyo/,general,35.6783071,139.771662,D
Tokyo Station Gallery,2251.0,"[
  ""Art museum"",
  ""Art gallery"",
  ""Tourist attraction""
]",Art museum,http://www.ejrcf.or.jp/gallery/,art,35.6824361,139.7665257,B
Central Museum Ginza,149.0,"[
  ""Museum"",
  ""Tourist attraction""
]",Museum,http://central-museum.jp/,general,35.6712864,139.7675755,D
Toshoshibusawa Museum,4.0,"[
  ""Museum""
]",Museum,https://www.tokyo-cci.or.jp/shibusawa/activity/index.html,general,35.6777386,139.7617602,E
Seikado Bunko Art Museum,960.0,"[
  ""Art museum"",
  ""Museum"",
  ""Tourist attraction""
]",Art museum,https://www.seikado.or.jp/,art,35.6789407,139.7616559,C
Yoji Museum,1.0,"[
  ""Museum""
]",Museum,,general,35.6860269,139.7751623,E
NHK Museum of Broadcasting,1223.0,"[
  ""Technology museum"",
  ""Museum"",
  ""Tourist attraction""
]",Technology museum,http://www.nhk.or.jp/museum/,stem,35.6637951,139.748291,C
Intermediatheque,1110.0,"[
  ""Natural history museum"",
  ""Tourist attraction""
]",Natural history museum,http://www.intermediatheque.jp/,history,35.680074399999995,139.7646866,C
Japanese Sword Museum,1784.0,"[
  ""Art museum"",
  ""Handicraft museum"",
  ""Museum"",
  ""Tourist attraction""
]",Art museum,https://www.touken.or.jp/museum/,art,35.6989606,139.7936629,C
Ozu History Museum,48.0,"[
  ""Museum"",
  ""Tourist attraction""
]",Museum,http://www.ozuwashi.net/archives.html,general,35.6888031,139.7763082,E
Parliamentary Museum,669.0,"[
  ""Museum"",
  ""Tourist attraction""
]",Museum,http://www.shugiin.go.jp/internet/itdb_annai.nsf/html/statics/kensei/kensei.htm,general,35.6792684,139.7453457,C
Tokyo Port Museum,5.0,"[
  ""Museum""
]",Museum,,general,35.6176515,139.7782877,E
Hanzomon Museum,330.0,"[
  ""Museum"",
  ""Tourist attraction""
]",Museum,https://www.hanzomonmuseum.jp/,general,35.6858735,139.74193119999998,D
Tokyo Tarot Museum,122.0,"[
  ""Museum""
]",Museum,https://www.tokyo-tarot-museum.art/,general,35.6982182,139.7880398,D
Kodenmacho Prison Museum,38.0,"[
  ""Local history museum"",
  ""Tourist attraction""
]",Local history museum,http://chuoku-machikadotenjikan.jp/tenjikan/royashiki/,history,35.6908135,139.7774069,E
Fukagawa Edo Museum,2742.0,"[
  ""Local history museum"",
  ""History museum"",
  ""Tourist attraction""
]",Local history museum,https://www.kcf.or.jp/fukagawa/,history,35.681185899999996,139.8005921,B
Yushukan Museum,2111.0,"[
  ""War museum"",
  ""Museum""
]",War museum,http://www.yasukuni.or.jp/yusyukan/,history,35.694994799999996,139.74361629999999,B
SAMURAI NINJA MUSEUM Samurai Museum,8431.0,"[
  ""Museum""
]",Museum,https://mai-ko.com/samurai/,general,35.7115072,139.7917803,A
Daiichi Sankyo Medicine Museum,295.0,"[
  ""Museum"",
  ""Tourist attraction""
]",Museum,https://kusuri-museum.com/,general,35.6884575,139.7757899,D
Japan Olympic Museum,1260.0,"[
  ""Museum""
]",Museum,https://japan-olympicmuseum.jp/,general,35.6749203,139.7151887,C
Kabutocho Kayabacho Machikado Museum,12.0,"[
  ""Local history museum"",
  ""Museum""
]",Local history museum,http://chuoku-machikadotenjikan.jp/tenjikan/kabutocho_kayabacho/,history,35.6795617,139.77716329999998,E
Roppongi Museum,1757.0,"[
  ""Museum""
]",Museum,https://roppongimuseum.jp/,general,35.6596985,139.73406169999998,C
Water Supply Pipe Inlet Museum,46.0,"[
  ""Technology museum"",
  ""Museum"",
  ""Tourist attraction""
]",Technology museum,http://www.zentech.co.jp/museum/,stem,35.667434799999995,139.7553705,E
National Showa Memorial Museum,1198.0,"[
  ""Heritage museum"",
  ""History museum"",
  ""National museum"",
  ""Tourist attraction""
]",Heritage museum,http://www.showakan.go.jp/,history,35.6950861,139.750718,C
Button Museum,24.0,"[
  ""Handicraft museum"",
  ""Museum""
]",Handicraft museum,http://www.iris.co.jp/muse/,specialty,35.6912838,139.7877757,E
Suntory Museum of Art,2364.0,"[
  ""Art museum"",
  ""Tourist attraction""
]",Art museum,http://www.suntory.co.jp/sma/,art,35.6664406,139.73041569999998,B
Space Travelium TeNQ,1039.0,"[
  ""Museum of space history""
]",Museum of space history,http://www.tokyo-dome.co.jp/tenq/,stem,35.7036365,139.7519268,C
National Museum of Territory and Sovereignty,303.0,"[
  ""National museum""
]",National museum,https://www.cas.go.jp/jp/ryodo/tenjikan/,general,35.669945399999996,139.74772439999998,D
The Sumida Hokusai Museum,5529.0,"[
  ""Art museum"",
  ""Museum"",
  ""Tourist attraction""
]",Art museum,https://hokusai-museum.jp/,art,35.6963313,139.800414,A
Tokyo National Museum Toyokan (Asian Gallery),1857.0,"[
  ""National museum""
]",National museum,https://www.tnm.jp/modules/r_exhibition/index.php?controller=hall&hid=13&lang=ja,general,35.7180264,139.7767237,C
Wild Silk Museum,23.0,"[
  ""Museum"",
  ""Tourist attraction""
]",Museum,https://wildsilk.jp/,general,35.6782606,139.7999304,E
World Bags & Luggage Museum,314.0,"[
  ""Handicraft museum"",
  ""Museum"",
  ""Tourist attraction""
]",Handicraft museum,https://www.ace.jp/museum/index.html,specialty,35.708051999999995,139.7952856,D
Fujifilm Photo History Museum,163.0,"[
  ""Museum"",
  ""Tourist attraction""
]",Museum,https://fujifilmsquare.jp/guide/museum.html,general,35.6653782,139.7301815,D
Kyoritsujoshidaigaku Museum,10.0,"[
  ""Museum""
]",Museum,https://www.kyoritsu-wu.ac.jp/muse/,general,35.693874699999995,139.7563776,E
El Paso Museum of Art,1579.0,"[
  ""Modern art museum"",
  ""Museum"",
  ""Tourist attraction""
]",Modern art museum,https://epma.art/,art,31.7585876,-106.4902692,C
Temecula Valley Museum,200.0,"[
  ""Museum"",
  ""Gift shop"",
  ""Tourist attraction""
]",Museum,http://www.temeculavalleymuseum.org/,general,33.4974736,-117.1509456,D
San Antonio Museum of Art,4179.0,"[
  ""Art museum"",
  ""Museum"",
  ""Tourist attraction""
]",Art museum,http://www.samuseum.org/,art,29.4372761,-98.4821898,B
Northwest Museum of Arts & Culture,1640.0,"[
  ""History museum"",
  ""Art museum"",
  ""Cafe"",
  ""Gift shop"",
  ""Local history museum"",
  ""Museum"",
  ""Tourist attraction""
]",History museum,http://www.northwestmuseum.org/,history,47.656959199999996,-117.445495,C
Min-on Music Museum,435.0,"[
  ""Museum"",
  ""Tourist attraction""
]",Museum,https://museum.min-on.or.jp/,general,35.6823686,139.7192584,D
Japan Stationery Museum,45.0,"[
  ""Museum"",
  ""Tourist attraction""
]",Museum,https://www.nihon-bungu-shiryoukan.com/,general,35.6967743,139.7888264,E
Ōta Memorial Museum of Art,1829.0,"[
  ""Art museum"",
  ""Tourist attraction""
]",Art museum,http://www.ukiyoe-ota-muse.jp/,art,35.6693959,139.7049808,C
Kokugakuin University Museum,799.0,"[
  ""History museum"",
  ""Archaeological museum"",
  ""Tourist attraction""
]",History museum,http://museum.kokugakuin.ac.jp/,history,35.6563933,139.7111598,C
Tokyo National Museum Hyokeikan,1029.0,"[
  ""National museum"",
  ""Museum"",
  ""Tourist attraction""
]",National museum,http://www.tnm.jp/modules/r_exhibition/index.php?controller=hall&hid=8&lang=ja,general,35.718566599999996,139.77534559999998,C
Meiji Jingu Museum,403.0,"[
  ""Museum""
]",Museum,https://www.meijijingu.or.jp/museum/,general,35.6723303,139.70212569999998,D
Edo Taitō Traditional Crafts Museum,293.0,"[
  ""Handicraft museum"",
  ""Handicraft fair"",
  ""Museum""
]",Handicraft museum,https://craft.city.taito.lg.jp/kogeikan/,specialty,35.7163635,139.7938384,D
Sumō Museum,976.0,"[
  ""Museum"",
  ""Tourist attraction""
]",Museum,http://www.sumo.or.jp/KokugikanSumoMuseum/,general,35.6971152,139.7931224,C
Shinjuku Gyoen Museum,36.0,"[
  ""Museum""
]",Museum,https://fng.or.jp/shinjuku/2022/12/03/20221203-02/,general,35.6860387,139.71280489999998,E
YAYOI KUSAMA Museum,2068.0,"[
  ""Art museum""
]",Art museum,https://yayoikusamamuseum.jp/,art,35.7031852,139.7264985,B
Ocha Culture Creation Museum | Oi Ocha Museum,85.0,"[
  ""Museum""
]",Museum,https://www.ochamuseum.jp/,general,35.6660129,139.76143199999999,D
SOUGOU MANSION MUSEUM,,"[
  ""Technology museum""
]",Technology museum,https://www.sumitomo-rd-mansion.jp/shuto/museum/?argument=pBSpiw1V&dmai=a6487ef7ede072,stem,35.6629603,139.7606501,E
Idemitsu Museum of Arts,1425.0,"[
  ""Art museum""
]",Art museum,https://idemitsu-museum.or.jp/,art,35.6763597,139.7609574,C
i-muse IHI History Museum,88.0,"[
  ""Technology museum"",
  ""Museum"",
  ""Tourist attraction""
]",Technology museum,http://www.ihi.co.jp/i-muse/,stem,35.6591702,139.7931601,D
Tokyo National Museum Museum Shop,239.0,"[
  ""Museum"",
  ""Home goods store"",
  ""Souvenir store""
]",Museum,https://www.tnm-shop.jp/,general,35.7187309,139.7760487,D
Fire Museum,2068.0,"[
  ""Museum"",
  ""Technology museum"",
  ""Tourist attraction""
]",Museum,https://www.tfd.metro.tokyo.lg.jp/hp-hkkan/museum.html,general,35.6882599,139.7199694,B
Okura Museum of Art,415.0,"[
  ""Art museum"",
  ""Tourist attraction""
]",Art museum,https://www.shukokan.org/,art,35.6670149,139.7433053,D
Tokyo Metropolitan Teien Art Museum,4058.0,"[
  ""Art museum"",
  ""Tourist attraction""
]",Art museum,https://www.teien-art-museum.ne.jp/,art,35.6369465,139.7190408,B
三菱一号館 歴史資料室,1.0,"[
  ""Museum""
]",Museum,https://mimt.jp/museum/history/,general,35.6786785,139.7634201,E
KAZEN CECCO BONANOTTE MUSEUM,,"[
  ""Art museum""
]",Art museum,https://www.kazen-ceccobonanotte-museum.jp/,art,35.694216,139.7801276,E
Great Kanto Earthquake Memorial Museum,383.0,"[
  ""Local history museum"",
  ""Tourist attraction""
]",Local history museum,https://www.tokyoireikyoukai.or.jp/museum/history.html,history,35.6997261,139.7968881,D
Ogawa Museum,,"[
  ""Art museum""
]",Art museum,http://www.ogawa-museum.jp/aboutus.html,art,35.679721,139.738677,E
Yayoi Museum,776.0,"[
  ""Art museum"",
  ""Museum"",
  ""Tourist attraction""
]",Art museum,https://www.yayoi-yumeji-museum.jp/,art,35.7148861,139.7634696,C
Tokyo Waterworks Historical Museum,830.0,"[
  ""Heritage museum"",
  ""History museum"",
  ""Museum"",
  ""Tourist attraction""
]",Heritage museum,https://www.suidorekishi.jp/,history,35.7033379,139.7604922,C
Kao Museum,5.0,"[
  ""Technology museum""
]",Technology museum,https://www.kao.com/jp/corporate/outline/tour/kao-museum/,stem,35.7058408,139.8260383,E
Aku You Memorial Museum,37.0,"[
  ""Museum"",
  ""Tourist attraction""
]",Museum,https://www.meiji.ac.jp/akuyou/,general,35.6985501,139.7618692,E
"Ueno Pavilion, University Art Museum, Tokyo University of the Arts",1435.0,"[
  ""Art museum""
]",Art museum,https://museum.geidai.ac.jp/,art,35.7192079,139.7718863,C
The National Museum of Emerging Science and Innovation (Miraikan),14357.0,"[
  ""Science museum"",
  ""Museum"",
  ""Tourist attraction""
]",Science museum,https://www.miraikan.jst.go.jp/,stem,35.619335899999996,139.7763995,A
teamLab Planets TOKYO DMM,36122.0,"[
  ""Modern art museum"",
  ""Museum"",
  ""Theme park"",
  ""Tourist attraction""
]",Modern art museum,https://www.teamlab.art/jp/e/planets/,art,35.6491207,139.7897739,A
The Gundam Base Tokyo,16294.0,"[
  ""Toy store"",
  ""Hobby store"",
  ""Tourist attraction"",
  ""Toy museum""
]",Toy store,https://www.gundam-base.net/,specialty,35.6254768,139.77613829999999,A
"Museum of Marine Science, Tokyo University of Marine Science and Technology",124.0,"[
  ""Museum"",
  ""Natural history museum"",
  ""Science museum"",
  ""Tourist attraction""
]",Museum,https://www.s.kaiyodai.ac.jp/msm/index.html,general,35.627522299999995,139.7482052,D
WHAT MUSEUM,174.0,"[
  ""Modern art museum"",
  ""Art museum"",
  ""Museum""
]",Modern art museum,https://what.warehouseofart.org/,art,35.6207667,139.7486878,D
small worlds miniature museum,4031.0,"[
  ""Theme park"",
  ""Art museum"",
  ""Cafe"",
  ""Cafeteria""
]",Theme park,https://www.smallworlds.jp/,specialty,35.6379228,139.7883556,B
Yamato Group History Museum,222.0,"[
  ""Museum"",
  ""Exhibit"",
  ""History museum""
]",Museum,https://www.yamato-hd.co.jp/museum/,general,35.6265651,139.7451697,D
MAKI Collection,12.0,"[
  ""Modern art museum""
]",Modern art museum,http://www.makigallery.com/,art,35.6191655,139.7465863,E
Keio Museum Commons,19.0,"[
  ""Museum""
]",Museum,https://kemco.keio.ac.jp/,general,35.6487839,139.7443222,E
Landscape with the Ship Science Museum (100 views of Shinagawa),5.0,"[
  ""Maritime museum""
]",Maritime museum,,specialty,35.6208688,139.77295479999998,E
The Museum of Package Culture,89.0,"[
  ""Technology museum"",
  ""Museum"",
  ""Tourist attraction""
]",Technology museum,https://package-museum.jp/,stem,35.6240801,139.729491,D
Shinagawa Historical Museum,323.0,"[
  ""Local history museum"",
  ""Tourist attraction""
]",Local history museum,http://www.city.shinagawa.tokyo.jp/jigyo/06/historyhp/hsindex.html,history,35.5968587,139.7299596,D
Archi-Depot,390.0,"[
  ""Technology museum"",
  ""Art museum"",
  ""Museum"",
  ""Tourist attraction""
]",Technology museum,https://archi-depot.com/,stem,35.6208795,139.74876079999999,D
Shokutokurashinochiisana Museum,26.0,"[
  ""Museum""
]",Museum,https://www.ajinomoto.co.jp/kfb/museum/,general,35.63284,139.7328168,E
Tokyo Water Science Museum,1128.0,"[
  ""Science museum"",
  ""Tourist attraction""
]",Science museum,http://www.mizunokagaku.jp/,stem,35.6308444,139.78548329999998,C
Yamatane Museum of Art,2299.0,"[
  ""Art museum"",
  ""Museum"",
  ""Tourist attraction""
]",Art museum,https://www.yamatane-museum.jp/,art,35.6531502,139.7136591,B
d47 Museum,250.0,"[
  ""Art museum"",
  ""Tourist attraction""
]",Art museum,https://www.d-department.com/ext/shop/d47.html,art,35.6591041,139.703742,D
Beni Museum,152.0,"[
  ""Art museum"",
  ""Tourist attraction""
]",Art museum,http://www.isehanhonten.co.jp/museum/index.html,art,35.65992,139.717978,D
Madame Tussauds Tokyo,994.0,"[
  ""Wax museum""
]",Wax museum,https://www.madametussauds.com/tokyo/,specialty,35.6287995,139.7758901,C
Museum of Contemporary Art Tokyo - MOT,3019.0,"[
  ""Modern art museum"",
  ""Art museum"",
  ""Museum""
]",Modern art museum,https://www.mot-art-museum.jp/,art,35.679746699999995,139.80819209999999,B
Meguro Parasitological Museum,2312.0,"[
  ""Museum of zoology"",
  ""Museum"",
  ""Tourist attraction""
]",Museum of zoology,https://www.kiseichu.org/,history,35.6316814,139.7066661,B
The Shoto Museum of Art,1099.0,"[
  ""Art museum"",
  ""Tourist attraction""
]",Art museum,http://www.shoto-museum.jp/,art,35.6586207,139.6916654,C
Yoku Moku Museum,135.0,"[
  ""Museum""
]",Museum,https://www.yokumokumuseum.com/,general,35.6595715,139.71402659999998,D
The Seiko Museum Ginza,816.0,"[
  ""Museum""
]",Museum,https://museum.seiko.co.jp/,general,35.6723942,139.7644252,C
The History Museum of J-Koreans,117.0,"[
  ""Heritage museum"",
  ""Museum"",
  ""Tourist attraction""
]",Heritage museum,http://www.j-koreans.org/,history,35.651544799999996,139.73703129999998,D
Shinjuku Historical Museum,945.0,"[
  ""Local history museum"",
  ""Museum"",
  ""Tourist attraction""
]",Local history museum,http://www.regasu-shinjuku.or.jp/rekihaku/,history,35.6899458,139.7254161,C
Treasure Museum,42.0,"[
  ""Museum"",
  ""Historical landmark""
]",Museum,https://www.meijijingu.or.jp/museum/houmotsuden/,general,35.6799952,139.6979635,E
Shibuya Folk and Literary Shirane Memorial Museum,179.0,"[
  ""Local history museum"",
  ""Tourist attraction""
]",Local history museum,https://shibuya-muse.jp/,history,35.6564347,139.7125067,D
Museum of Maritime Science Curator part,4.0,"[
  ""Science museum""
]",Science museum,http://www.funenokagakukan.or.jp/,stem,35.6201685,139.7721568,E
O Art Museum,276.0,"[
  ""Art museum"",
  ""Tourist attraction""
]",Art museum,https://www.shinagawa-culture.or.jp/o-art/index.html,art,35.620714899999996,139.7292987,D
ESP MUSEUM,110.0,"[
  ""Museum""
]",Museum,http://www.espguitars.co.jp/museum/,general,35.6621381,139.70009199999998,D
Minato City Local History Museum,598.0,"[
  ""Local history museum"",
  ""Museum""
]",Local history museum,https://www.minato-rekishi.com/,history,35.6391187,139.7267259,C
Meiji Gakuin Historical Museum,4.0,"[
  ""History museum""
]",History museum,http://shiryokan.meijigakuin.jp/,history,35.636625099999996,139.73120799999998,E
Chuo City Local History Museum,39.0,"[
  ""Local history museum""
]",Local history museum,https://www.city.chuo.lg.jp/bunka/kyodoshiryokan/_user_tobun_historical_museum.html,history,35.6736459,139.77527139999998,E
Ueshima Museum,66.0,"[
  ""Modern art museum""
]",Modern art museum,https://ueshima-museum.com/,art,35.6638908,139.70349199999998,D
Meguro History Museum,76.0,"[
  ""Local history museum"",
  ""Tourist attraction""
]",Local history museum,https://www.city.meguro.tokyo.jp/shisetsu/shisetsu/bijutsu/rekishi_shiryokan/megurorekisisiryokan.html,history,35.6390678,139.703104,D
Sen-oku Hakukokan Museum Tokyo,463.0,"[
  ""Museum"",
  ""Art museum""
]",Museum,https://www.sen-oku.or.jp/tokyo/,general,35.6650725,139.7410222,D
Ozaki Shirō Commemorative Museum of Literature,34.0,"[
  ""Museum"",
  ""Tourist attraction""
]",Museum,https://www.ota-bunka.or.jp/facilities/ozaki,general,35.5923404,139.7216592,E
Hatakeyama Memorial Museum of Fine Art,181.0,"[
  ""Art museum"",
  ""Tourist attraction""
]",Art museum,https://www.hatakeyama-museum.org/,art,35.632356,139.726872,D
Sato Sakura Museum,452.0,"[
  ""Art museum"",
  ""Tourist attraction""
]",Art museum,https://www.satosakura.jp/,art,35.64571,139.699975,D
Statistical Museum,29.0,"[
  ""Technology museum"",
  ""Science museum""
]",Technology museum,https://www.stat.go.jp/museum/index.html,stem,35.7001375,139.7153694,E
EMAUX MUSEUM,2.0,"[
  ""Art museum""
]",Art museum,http://emaux.jp/,art,35.6521513,139.7131537,E
Kume Museum of Art,34.0,"[
  ""Art museum"",
  ""Tourist attraction""
]",Art museum,http://www.kume-museum.com/,art,35.634623,139.71466999999998,E
Tako no Hakubutsukan (Kite Museum),23.0,"[
  ""Museum""
]",Museum,http://www.taimeiken.co.jp/museum.html,general,35.6844912,139.7751243,E
"Nakagawa Museum, Aoyama",5.0,"[
  ""Art museum""
]",Art museum,http://www.nga.co.jp/csr/,art,35.663495499999996,139.7125788,E
National Museum of Nature and Science,25487.0,"[
  ""Science museum"",
  ""Tourist attraction""
]",Science museum,https://www.kahaku.go.jp/,stem,35.7164273,139.7763336,A
Tokyo Metro Museum,3258.0,"[
  ""Rail museum"",
  ""Museum"",
  ""Tourist attraction""
]",Rail museum,http://www.chikahaku.jp/,history,35.6635668,139.8734375,B
Urayasu City Folk Museum,757.0,"[
  ""Local history museum"",
  ""Museum"",
  ""Tourist attraction""
]",Local history museum,https://assarikunn.wixsite.com/website,history,35.655239099999996,139.9010925,C
Urayasu Town Open-Air Museum,14.0,"[
  ""Museum""
]",Museum,http://www.city.urayasu.lg.jp/kanko/kyodo/josetsu/1002071.html,general,35.654940599999996,139.9010687,E
コースター美術館 - Coaster Museum -,,"[
  ""Museum""
]",Museum,https://www.coastermuseum.com/,general,35.6708953,139.90340279999998,E
Tobacco & Salt Museum,1840.0,"[
  ""Technology museum"",
  ""Museum"",
  ""Tourist attraction""
]",Technology museum,https://www.tabashio.jp/,stem,35.7057445,139.8085345,C
Daigo Fukuryumaru Museum,432.0,"[
  ""Heritage museum"",
  ""History museum"",
  ""Tourist attraction""
]",Heritage museum,http://d5f.org/,history,35.6509855,139.8263352,D
Shunkaen Bonsai Museum,646.0,"[
  ""Museum"",
  ""Tourist attraction""
]",Museum,http://www.kunio-kobayashi.com/,general,35.7026201,139.8881503,C
EA Museum,,"[
  ""Museum"",
  ""Art gallery""
]",Museum,,general,35.6687023,139.8556403,E
Tokyo Origami Museum,110.0,"[
  ""Museum"",
  ""Adult education school"",
  ""Gift shop"",
  ""Toy store""
]",Museum,http://www.origami-noa.jp/,general,35.704796699999996,139.7983724,D
Gokinimono Museum,3.0,"[
  ""Museum"",
  ""Tourist attraction""
]",Museum,,general,35.708185799999995,139.82642529999998,E
Postal Museum Japan,351.0,"[
  ""Heritage museum"",
  ""Tourist attraction""
]",Heritage museum,https://www.postalmuseum.jp/,history,35.710187399999995,139.8125818,D
Takashimaya Historical Museum TOKYO,76.0,"[
  ""Museum""
]",Museum,https://www.takashimaya.co.jp/shiryokan/tokyo/,general,35.6806452,139.7731335,D
Gyōtoku Mikoshi Museum,29.0,"[
  ""Handicraft museum""
]",Handicraft museum,http://www.mikoshiya.com/,specialty,35.689887899999995,139.92011549999998,E
Edo Hyogu Museum,7.0,"[
  ""Museum"",
  ""Tourist attraction""
]",Museum,https://www.city.sumida.lg.jp/sangyo_jigyosya/sangyo/pr_brand_hyousyo/sumida3m/tiiki/nanbu/edohyougumuseum.html,general,35.6895062,139.7979197,E
Museum of Paulownia,4.0,"[
  ""Museum"",
  ""Tourist attraction""
]",Museum,,general,35.692376599999996,139.79709,E
Kiki's Delivery Museum of Literature,92.0,"[
  ""Museum""
]",Museum,https://kikismuseum.jp/,general,35.6491999,139.88224689999998,D
The Ueno Royal Museum,5304.0,"[
  ""Art museum"",
  ""Modern art museum""
]",Art museum,https://www.ueno-mori.org/,art,35.7127355,139.7746843,A
Brake Museum,21.0,"[
  ""Museum"",
  ""Tourist attraction""
]",Museum,https://sasga.co.jp/brake_museum/,general,35.7240883,139.8111058,E
Tokyo Metropolitan Art Museum,14269.0,"[
  ""Art museum"",
  ""Museum"",
  ""Tourist attraction""
]",Art museum,https://www.tobikan.jp/,art,35.717211299999995,139.7729387,A
Ukita Museum,,"[
  ""Museum""
]",Museum,https://www.city.edogawa.tokyo.jp/documents/9203/8-02.pdf,general,35.6797653,139.8619871,E
Quark MUSEUM / クォーク ミュージアム - ロレックス ヴィンテージ コレクション,1.0,"[
  ""Museum""
]",Museum,http://www.quarkmuseum.com/jp/,general,35.707609,139.7752226,E
Museum of Roadside Art,41.0,"[
  ""Museum""
]",Museum,https://museum-of-roadside-art.com/,general,35.7173313,139.81061409999998,E
Little Museum of Glass Art Books,75.0,"[
  ""Museum"",
  ""Handicraft school"",
  ""Glassware store"",
  ""Store"",
  ""Tourist attraction""
]",Museum,https://chiisanaglass.jp/,general,35.708892399999996,139.8021081,D
Miura Kanzashi Mini-Museum,7.0,"[
  ""Museum""
]",Museum,https://www.instagram.com/kazari_kanzashi/,general,35.7078863,139.8029772,E
Tobu Museum,2281.0,"[
  ""Rail museum"",
  ""Museum"",
  ""Tourist attraction""
]",Rail museum,http://www.tobu.co.jp/museum/,history,35.7247828,139.81944679999998,B
"The University Museum, The University of Tokyo",379.0,"[
  ""Natural history museum"",
  ""Museum"",
  ""Science museum"",
  ""Tourist attraction""
]",Natural history museum,http://www.um.u-tokyo.ac.jp/index.html,history,35.7086052,139.7611939,D
Showanomori Museum,83.0,"[
  ""Museum""
]",Museum,https://www.matsudo-kankou.jp/sightseeing/showanomori/,general,35.7718178,139.9297595,D
Museum of Safes & Locks,5.0,"[
  ""Technology museum"",
  ""Tourist attraction""
]",Technology museum,https://www.city.sumida.lg.jp/sangyo_jigyosya/sangyo/pr_brand_hyousyo/sumida3m/tiiki/nanbu/kinnkotokagimuseum.html,stem,35.6891904,139.79737559999998,E
Samurai museum,2.0,"[
  ""Museum""
]",Museum,,general,35.7154813,139.7909173,E
Tokyo National Museum - The Gallery of Horyuji Treasures,800.0,"[
  ""National museum"",
  ""Museum"",
  ""Tourist attraction""
]",National museum,http://www.tnm.jp/modules/r_exhibition/index.php?controller=hall&hid=16&lang=ja,general,35.718621299999995,139.7742963,C
Tokyo Hydrogen Museum,162.0,"[
  ""Science museum""
]",Science museum,https://www.tokyo-suisomiru.jp/,stem,35.656557899999996,139.81146479999998,D
Ichikawa City Museum of Literature,82.0,"[
  ""Museum"",
  ""Tourist attraction""
]",Museum,http://www.city.ichikawa.lg.jp/cul06/litera.html,general,35.715678,139.93194069999998,D
Mori Arts Museum,,"[
  ""Art museum""
]",Art museum,https://www.mori.art.museum/en/,art,35.661349,139.7366371,E
江戸小紋・江戸更紗博物館 【 大松染工場 】,2.0,"[
  ""Museum""
]",Museum,https://edokomon-daimatsu.com/?page_id=1266,general,35.7175576,139.825973,E
Hinodai Shell Midden Museum,146.0,"[
  ""Archaeological museum""
]",Archaeological museum,https://www.city.funabashi.lg.jp/shisetsu/bunka/0001/0006/0001/p036786.html,history,35.710729799999996,139.97488339999998,D
MMT + KNB + YTV Museum,,"[
  ""Museum""
]",Museum,,general,35.6658428,139.7636498,E
Miyamoto-Unosuke Drum Museum,121.0,"[
  ""Museum"",
  ""Tourist attraction""
]",Museum,https://www.miyamoto-unosuke.co.jp/taikokan/,general,35.7118209,139.7917934,D
AkeruE (Akerue) Panasonic Creative Museum,83.0,"[
  ""Museum""
]",Museum,https://holdings.panasonic/jp/corporate/center-tokyo/akerue.html,general,35.633150199999996,139.7905276,D
Ichikawa-Gyotoku Local History Museum,19.0,"[
  ""Local history museum""
]",Local history museum,http://www.city.ichikawa.lg.jp/cul01/1111000189.html,history,35.690435799999996,139.91550709999999,E
Rokucho Museum Flora,100.0,"[
  ""Art museum"",
  ""Tourist attraction""
]",Art museum,http://rokucho-museum.sakura.ne.jp/,art,35.783260399999996,139.8200865,D
Tabata Memorial Museum of Writers and Artists,196.0,"[
  ""Heritage museum"",
  ""Museum"",
  ""Tourist attraction""
]",Heritage museum,http://www.kitabunka.or.jp/tabata/,history,35.7384181,139.7593295,D
Japanese Gallery (Honkan),230.0,"[
  ""National museum""
]",National museum,https://www.tnm.jp/,general,35.718623,139.7762726,D
TOMO City Museum of Art,11.0,"[
  ""Art museum""
]",Art museum,https://tomotosi.com/tomo-museum/,art,35.70933,139.82636779999999,E
The National Museum of Western Art,9783.0,"[
  ""Art museum"",
  ""Tourist attraction""
]",Art museum,https://www.nmwa.go.jp/jp/,art,35.7153869,139.77581379999998,A
UR Machitokurashino Museum,84.0,"[
  ""Museum""
]",Museum,https://akabanemuseum.ur-net.go.jp/,general,35.7768137,139.7158706,D
Masakunirikikoshoguhamono Museum,4.0,"[
  ""Museum"",
  ""Tourist attraction""
]",Museum,http://www.masakuni.com/,general,35.8066757,139.7328905,E
Candy Candy Museum,15.0,"[
  ""Museum""
]",Museum,,general,35.7579394,139.8757799,E
Uemura Museum Tokyo,215.0,"[
  ""Museum"",
  ""Tourist attraction""
]",Museum,http://www.uemura-museum-tokyo.jp/,general,35.753698199999995,139.7156311,D
Sekido Museum of Art,100.0,"[
  ""Art museum"",
  ""Tourist attraction""
]",Art museum,http://sekido-museum.jp/,art,35.740815,139.7959618,D
Ikenami Shotaro Memorial Museum,101.0,"[
  ""Museum"",
  ""Tourist attraction""
]",Museum,https://library.city.taito.lg.jp/ikenami/,general,35.7172607,139.7898921,D
Tora-san Museum,3569.0,"[
  ""Museum"",
  ""Local history museum"",
  ""Tourist attraction""
]",Museum,http://www.katsushika-kanko.com/tora/,general,35.757149999999996,139.8805083,B
Tokyo National Museum - Heiseikan,4100.0,"[
  ""National museum""
]",National museum,http://www.tnm.jp/modules/r_exhibition/index.php?controller=hall&hid=10,general,35.7199716,139.77551889999998,B
Shibusawa Memorial Museum,481.0,"[
  ""Museum"",
  ""History museum"",
  ""Tourist attraction""
]",Museum,https://www.shibusawa.or.jp/,general,35.749122799999995,139.739192,D
Adachi Steam Locomotive Museum,4.0,"[
  ""Rail museum""
]",Rail museum,https://blog.goo.ne.jp/adachi_sl,history,35.7868954,139.8344333,E
Japan Kaleidoscope Museum,20.0,"[
  ""Handicraft museum"",
  ""Adult education school""
]",Handicraft museum,http://nihonmangekyouhakubutsukan.jimdo.com/,specialty,35.8050749,139.7186332,E
Tsubouchi Memorial Theatre Museum,252.0,"[
  ""Museum"",
  ""Tourist attraction""
]",Museum,https://www.waseda.jp/enpaku/,general,35.709958,139.7195519,D
Banknote and Postage Stamp Museum,487.0,"[
  ""Technology museum"",
  ""Museum"",
  ""Tourist attraction""
]",Technology museum,https://www.npb.go.jp/ja/museum/,stem,35.7543923,139.7393021,D
Otani Museum,304.0,"[
  ""Art museum"",
  ""Historical landmark"",
  ""Tourist attraction""
]",Art museum,http://www.otanimuseum.or.jp/kyufurukawatei/,art,35.7430419,139.7459285,D
Women's Active Museum on War and Peace,123.0,"[
  ""War museum"",
  ""Tourist attraction""
]",War museum,https://wam-peace.org/,history,35.7080224,139.71633359999998,D
Yoshida Kichizo Memorial Museum,6.0,"[
  ""Museum""
]",Museum,https://a-round.info/live_2020_autumn/shop/yoshidakaban/,general,35.719572899999996,139.8042582,E
Taitō City Calligraphy Museum,272.0,"[
  ""Museum"",
  ""Art museum"",
  ""Tourist attraction""
]",Museum,https://www.taitogeibun.net/shodou/,general,35.7247598,139.77622929999998,D
Asakura Museum of Sculpture,1000.0,"[
  ""Sculpture museum"",
  ""Museum"",
  ""Tourist attraction""
]",Sculpture museum,https://www.taitogeibun.net/asakura/,art,35.7268444,139.76852499999998,C
Tokyo National Museum - Kuroda Memorial Hall,388.0,"[
  ""Art museum"",
  ""Museum""
]",Art museum,http://www.tobunken.go.jp/kuroda/,art,35.7188856,139.7733811,D
Ancient Orient Museum,434.0,"[
  ""Archaeological museum"",
  ""Museum"",
  ""Tourist attraction""
]",Archaeological museum,https://aom-tokyo.com/,history,35.7288381,139.7209159,D
Printing Museum,1150.0,"[
  ""Technology museum"",
  ""Museum"",
  ""Tourist attraction""
]",Technology museum,https://www.printing-museum.org/,stem,35.7089468,139.74127529999998,C
Tokyokaseidaigaku Museum,12.0,"[
  ""Museum"",
  ""Tourist attraction""
]",Museum,https://www.tokyo-kasei.ac.jp/hakubutu/,general,35.7551245,139.7213526,E
Samurai Theater Tokyo,64.0,"[
  ""Museum"",
  ""Martial arts school""
]",Museum,https://www.samurai-theater.com/en/,general,35.7017318,139.73567079999998,D
TNM & TOPPAN Museum Theater,30.0,"[
  ""Museum""
]",Museum,http://www.toppan-vr.jp/mt/,general,35.7177326,139.7765049,E
Yamada Yōji Museum,140.0,"[
  ""Museum"",
  ""Tourist attraction""
]",Museum,http://www.katsushika-kanko.com/yamada-yoji-museum/,general,35.7571881,139.8806233,D
Japan-China Friendship Center Art Museum,43.0,"[
  ""Art museum""
]",Art museum,https://jcfcmuseum.jp/,art,35.7040404,139.74796949999998,E
Chiisanakaino Museum,5.0,"[
  ""Museum"",
  ""Tourist attraction""
]",Museum,http://latiaxis.my.coocan.jp/info/saito/psm.htm,general,35.693194999999996,139.6873685,E
Tokyo Some Monogatari Museum,7.0,"[
  ""Museum""
]",Museum,https://sarakichi.tokyo/experience/,general,35.7132681,139.7164491,E
Dagashiya Game Museum,336.0,"[
  ""Toy museum"",
  ""Museum"",
  ""Tourist attraction""
]",Toy museum,http://dgm.starfree.jp/,specialty,35.7639965,139.70263549999999,D
HOSEI Museum,8.0,"[
  ""Museum""
]",Museum,https://museum.hosei.ac.jp/,general,35.693829199999996,139.7407739,E
Nakamura Tsune Atelier Museum,153.0,"[
  ""Art museum"",
  ""Museum"",
  ""Tourist attraction""
]",Art museum,http://www.regasu-shinjuku.or.jp/rekihaku/tsune/40357/,art,35.7208863,139.7011871,D
Ichikawa Archaeology Museum,114.0,"[
  ""Archaeological museum"",
  ""Tourist attraction""
]",Archaeological museum,https://www.city.ichikawa.lg.jp/edu14/,history,35.7591046,139.91210519999998,D
Oedo Museum,,"[
  ""Museum""
]",Museum,,general,35.712202999999995,139.726167,E
Tsumami Kanzashi Museum,12.0,"[
  ""Museum"",
  ""Tourist attraction""
]",Museum,https://kanzashi.org/,general,35.7102976,139.7021122,E
Ghibli Museum,16155.0,"[
  ""Art museum"",
  ""Tourist attraction""
]",Art museum,https://www.ghibli-museum.jp/,art,35.696238,139.5704317,A
Suginami Animation Museum,909.0,"[
  ""Museum"",
  ""Tourist attraction""
]",Museum,http://sam.or.jp/,general,35.7105716,139.60779399999998,C
Suginami Historical Museum,265.0,"[
  ""Local history museum"",
  ""Tourist attraction""
]",Local history museum,http://www.city.suginami.tokyo.jp/histmus/index.html,history,35.685916899999995,139.6454468,D
Sculpture Atelier,12.0,"[
  ""Sculpture museum""
]",Sculpture museum,https://www.tokyo-zoo.net/zoo/ino/,art,35.6997971,139.5696875,E
Kichijōji Art Museum,221.0,"[
  ""Art museum"",
  ""Tourist attraction""
]",Art museum,https://www.musashino.or.jp/museum/,art,35.7050207,139.57897939999998,D
Provincial Museum annex,107.0,"[
  ""Local history museum"",
  ""Tourist attraction""
]",Local history museum,http://www.city.suginami.tokyo.jp/shisetsu/bunka/hakubutsukan/1007013.html,history,35.708867399999995,139.6212081,D
Tokyo Art Museum,62.0,"[
  ""Art museum"",
  ""Museum"",
  ""Tourist attraction""
]",Art museum,http://www.tokyoartmuseum.com/,art,35.6607711,139.58721269999998,D
Sculpture Museum House B,22.0,"[
  ""Sculpture museum""
]",Sculpture museum,https://www.tokyo-zoo.net/zoo/ino/,art,35.7004721,139.5692051,E
Setagaya Literary Museum,1371.0,"[
  ""Museum""
]",Museum,http://www.setabun.or.jp/,general,35.6669245,139.6086785,C
Seiyu Museum,4.0,"[
  ""Museum""
]",Museum,,general,35.6751001,139.6707612,E
Karasawa Museum,29.0,"[
  ""Heritage museum"",
  ""Museum"",
  ""Tourist attraction""
]",Heritage museum,http://karasawamuseum.com/,history,35.733032,139.66255999999998,E
Horseman Museum,1.0,"[
  ""Museum""
]",Museum,https://www.kenko-tokina.co.jp/service-shop/,general,35.7098083,139.66515189999998,E
ミサワバウハウスコレクション,2.0,"[
  ""Art museum""
]",Art museum,http://www.bauhaus.ac/,art,35.679480999999996,139.6143395,E
Seikei Gakuen Museum,8.0,"[
  ""Museum"",
  ""Tourist attraction""
]",Museum,https://www.seikei.ac.jp/gakuen/archive/,general,35.7104241,139.5732506,E
Nihonseishinigaku Museum,4.0,"[
  ""Museum""
]",Museum,,general,35.666550799999996,139.6192199,E
Saita Museum,43.0,"[
  ""Art museum""
]",Art museum,http://saita-museum.jp/,art,35.6534137,139.65994659999998,E
Sculpture Museum,75.0,"[
  ""Sculpture museum""
]",Sculpture museum,https://www.tokyo-zoo.net/zoo/ino/,art,35.7001837,139.5693281,D
Yuzo Yamamoto Memorial Museum,131.0,"[
  ""Museum"",
  ""City Hall"",
  ""Tourist attraction""
]",Museum,https://mitaka-sportsandculture.or.jp/yuzo/,general,35.699567699999996,139.56771,D
Tokutomi Roka Memorial Museum,23.0,"[
  ""Local history museum""
]",Local history museum,,history,35.6623119,139.61114419999998,E
Toshima City Tokiwaso Manga Museum,920.0,"[
  ""Museum"",
  ""Local history museum"",
  ""Tourist attraction""
]",Museum,https://www.tokiwasomm.jp/,general,35.724289899999995,139.6859984,C
Saneatsu Mushanokōji Memorial Museum,189.0,"[
  ""Museum"",
  ""Tourist attraction""
]",Museum,http://www.mushakoji.org/,general,35.656689,139.581297,D
Color Museum,2.0,"[
  ""Art museum"",
  ""Tourist attraction""
]",Art museum,http://color-museum.jp/,art,35.666249,139.702945,E
"Komaba Museum, The University of Tokyo",96.0,"[
  ""Museum"",
  ""Tourist attraction""
]",Museum,http://museum.c.u-tokyo.ac.jp/,general,35.659334,139.6857182,D
PARCO MUSEUM TOKYO,118.0,"[
  ""Museum"",
  ""Art museum""
]",Museum,https://art.parco.jp/,general,35.661797299999996,139.69884589999998,D
Scout Museum,,"[
  ""Museum""
]",Museum,,general,35.7193535,139.6184741,E
Fujiko · F · Fujio Museum,8539.0,"[
  ""Museum"",
  ""Children's museum"",
  ""Modern art museum"",
  ""Tourist attraction""
]",Museum,https://fujiko-museum.com/,general,35.6099229,139.5735723,A
Cimatti Museum,17.0,"[
  ""Museum"",
  ""Tourist attraction""
]",Museum,http://www.v-cimatti.com/,general,35.6620108,139.5429582,E
STONEWELL ART GALLERY Ishii Russia Kaiga Museum,4.0,"[
  ""Art museum""
]",Art museum,https://www.ishii-gallery.com/artgallery/,art,35.6831922,139.5691846,E
Natural History Museum of Los Angeles County,12545.0,"[
  ""Natural history museum"",
  ""Museum"",
  ""Tourist attraction""
]",Natural history museum,https://nhm.org/,history,34.0171448,-118.2886635,A
SOMPO Museum of Art,2606.0,"[
  ""Art museum"",
  ""Museum"",
  ""Tourist attraction""
]",Art museum,https://www.sompo-museum.org/,art,35.6925497,139.6965181,B
Suwa Lucanidae Museum,26.0,"[
  ""Museum of zoology""
]",Museum of zoology,,history,35.6967783,139.5698773,E
Hermosa Beach Museum,39.0,"[
  ""Museum"",
  ""Tourist attraction""
]",Museum,http://www.hermosabeachhistoricalsociety.org/,general,33.864073,-118.39422019999999,E
Los Angeles County Museum of Art,19422.0,"[
  ""Art museum"",
  ""Art center"",
  ""Art gallery"",
  ""History museum"",
  ""Performing arts group"",
  ""Performing arts theater"",
  ""Tourist attraction""
]",Art museum,https://www.lacma.org/,art,34.0639323,-118.3592293,A
Inokashira Park Zoo,7384.0,"[
  ""Zoo"",
  ""Amusement park"",
  ""Aquarium"",
  ""Cultural landmark"",
  ""Nature preserve"",
  ""Sculpture museum"",
  ""Tourist attraction""
]",Zoo,http://www.tokyo-zoo.net/zoo/ino/,zoo,35.7007724,139.5727436,A
つつじヶ丘アトリエ,,"[
  ""Modern art museum""
]",Modern art museum,,art,35.6605935,139.5752669,E
Koekizaidan Hojin Sozei Museum,18.0,"[
  ""Museum""
]",Museum,https://www.sozeishiryokan.or.jp/,general,35.6851319,139.6647801,E
Gakki Museum,13.0,"[
  ""Museum"",
  ""Tourist attraction""
]",Museum,http://www.musashino-music.ac.jp/guide/facilities/museum/,general,35.741036,139.6721853,E
Roppongi Keyakizaka Museum,4.0,"[
  ""Museum""
]",Museum,,general,35.6596353,139.73098629999998,E
"Banksy Exhibition GMO Digital Museum, Shibuya, Tokyo",178.0,"[
  ""Art museum""
]",Art museum,https://banksy.tokyo/,art,35.6576545,139.7003114,D
Astronomy・Science Information Center,38.0,"[
  ""Technology museum""
]",Technology museum,https://mitakatkjs.mall.mitaka.ne.jp/,stem,35.6995338,139.5612037,E
TUAT Science Museum,120.0,"[
  ""Science museum"",
  ""Technology museum"",
  ""Tourist attraction""
]",Science museum,http://www.tuat-museum.org/,stem,35.698086599999996,139.5188624,D
Kigumi Museum,71.0,"[
  ""Handicraft museum"",
  ""Museum""
]",Handicraft museum,http://www.kigumi.tokyo/,specialty,35.707901899999996,139.7174166,D
福沢一郎記念館,6.0,"[
  ""Art museum"",
  ""Tourist attraction""
]",Art museum,https://fukuzmuseum.com/,art,35.6410591,139.606047,E
Nihon University College of Humanities & Sciences MUSEUM,,"[
  ""Museum""
]",Museum,https://www.chs.nihon-u.ac.jp/museum/,general,35.663209099999996,139.6353829,E
UEC Museum of Communications,15.0,"[
  ""Technology museum""
]",Technology museum,http://www.museum.uec.ac.jp/,stem,35.6587809,139.5444875,E
Workstation.,,"[
  ""Museum"",
  ""Art gallery""
]",Museum,http://work-station.tumblr.com/,general,35.708470399999996,139.64801989999998,E
Koga Masao Museum of Music,258.0,"[
  ""Museum"",
  ""Tourist attraction""
]",Museum,http://www.koga.or.jp/,general,35.6680359,139.6798164,D
Ancient Egyptian Museum,49.0,"[
  ""Art museum"",
  ""Tourist attraction""
]",Art museum,http://www.egyptian.jp/,art,35.662385,139.700606,E
Riyo Museum,2.0,"[
  ""Museum""
]",Museum,https://www.riyo.or.jp/service/%E7%90%86%E5%AE%B9%E3%83%9F%E3%83%A5%E3%83%BC%E3%82%B8%E3%82%A2%E3%83%A0/,general,35.6839169,139.7011963,E
Mitaka - Music Box Museum,46.0,"[
  ""Museum""
]",Museum,http://mitakaorgel.jp/,general,35.7014049,139.5587669,E
The University of Tokyo Farm Museum,2.0,"[
  ""Museum"",
  ""Tourist attraction""
]",Museum,https://www.isas.a.u-tokyo.ac.jp/museum/index.html,general,35.7355576,139.5389148,E
Institute of Science Tokyo Museum and Archives,63.0,"[
  ""Technology museum"",
  ""Tourist attraction""
]",Technology museum,http://www.cent.titech.ac.jp/,stem,35.6068462,139.6848354,D
Bunkamura,5362.0,"[
  ""Art center"",
  ""Art museum"",
  ""Fairground"",
  ""Philharmonic hall"",
  ""Tourist attraction""
]",Art center,https://www.bunkamura.co.jp/,Art center,35.660664,139.6950525,A
Chikyushi Museum,1.0,"[
  ""Museum""
]",Museum,http://www.mue.titech.ac.jp/index.html,general,35.601635,139.68420609999998,E
Meguro Museum of Art,577.0,"[
  ""Art museum"",
  ""Tourist attraction""
]",Art museum,https://www.mmat.jp/,art,35.6348759,139.7077219,C
Setagaya Art Museum,1956.0,"[
  ""Art museum"",
  ""Tourist attraction""
]",Art museum,http://www.setagayaartmuseum.or.jp/,art,35.6314396,139.622121,C
Star Museum,6.0,"[
  ""Art museum""
]",Art museum,,art,35.595893,139.61293999999998,E
Hasegawa Machiko Memorial Museum of Art,853.0,"[
  ""Art museum"",
  ""Tourist attraction""
]",Art museum,http://www.hasegawamachiko.jp/,art,35.6279581,139.643655,C
Setagaya Art Museum Saburo Miyamoto Memorial Art Museum,61.0,"[
  ""Art museum"",
  ""Tourist attraction""
]",Art museum,http://www.miyamotosaburo-annex.jp/index.htm,art,35.6046,139.666397,D
Ota City Local History Museum,330.0,"[
  ""Local history museum"",
  ""Tourist attraction""
]",Local history museum,http://www.city.ota.tokyo.jp/seikatsu/manabu/hakubutsukan/index.html,history,35.588528499999995,139.710621,D
Gotoh Museum,807.0,"[
  ""Art museum"",
  ""Museum""
]",Art museum,https://www.gotoh-museum.or.jp/,art,35.6123142,139.6356055,C
PLAY! PARK ERIC CARLE,179.0,"[
  ""Museum""
]",Museum,https://playec.jp/,general,35.6123325,139.6284626,D
The Museum of Zen Culture & History,36.0,"[
  ""Heritage museum"",
  ""Museum"",
  ""Tourist attraction""
]",Heritage museum,https://www.komazawa-u.ac.jp/facilities/museum/,history,35.6284766,139.6581046,E
Hasegawa Machiko Memorial Museum,116.0,"[
  ""Museum""
]",Museum,https://www.hasegawamachiko.jp/memorial-museum/,general,35.6279681,139.6432848,D
Masanari Murai Memorial Museum of Art,10.0,"[
  ""Museum"",
  ""Tourist attraction""
]",Museum,http://www.muraimasanari.com/,general,35.6082152,139.6450697,E
Tokyo Photographic Art Museum,1026.0,"[
  ""Art museum"",
  ""Library"",
  ""Movie theater""
]",Art museum,http://topmuseum.jp/,art,35.6416411,139.71328929999999,C
Katsu Kaishu Memorial Museum,325.0,"[
  ""Museum""
]",Museum,https://www.city.ota.tokyo.jp/shisetsu/hakubutsukan/katsu_kinenkan/index.html,general,35.6021134,139.6922741,D
Museum of Contemporary Sculpture,79.0,"[
  ""Sculpture museum"",
  ""Tourist attraction""
]",Sculpture museum,http://www.museum-of-sculpture.org/,art,35.635957999999995,139.70308699999998,D
Accessory Museum,147.0,"[
  ""Museum"",
  ""Antique store"",
  ""Fashion accessories store"",
  ""Tourist attraction""
]",Museum,http://acce-museum.main.jp/,general,35.640277,139.68859999999998,D
Matsuoka Museum,445.0,"[
  ""Art museum"",
  ""Tourist attraction""
]",Art museum,https://www.matsuoka-museum.jp/,art,35.640038499999996,139.7219841,D
Kawasaki Peace Museum,288.0,"[
  ""War museum"",
  ""Tourist attraction""
]",War museum,http://www.city.kawasaki.jp/shisetsu/category/21-21-0-0-0-0-0-0-0-0.html,history,35.568847,139.65885649999998,D
Hiyoshi-no-Mori Garden Art Museum,34.0,"[
  ""Art museum"",
  ""Tourist attraction""
]",Art museum,http://hiyoshinomori.com/,art,35.5594682,139.63476509999998,E
Showa Era Lifestyle Museum,252.0,"[
  ""History museum"",
  ""Museum""
]",History museum,https://www.showanokurashi.com/,history,35.575205,139.6858451,D
Mitutoyo Museum,35.0,"[
  ""Technology museum"",
  ""Tourist attraction""
]",Technology museum,http://www.mitutoyo.co.jp/corporate/hall/museum/index.html,stem,35.5975374,139.6205737,E
日本漫画博物館（まんが寺）,6.0,"[
  ""Museum"",
  ""Tourist attraction""
]",Museum,https://kanko.travel.rakuten.co.jp/kanagawa/spot/S14010286.html,general,35.586513599999996,139.6448603,E
"Memorial Museum for Soldiers, Detainees in Siberia, and Postwar Repatriates",470.0,"[
  ""War museum""
]",War museum,https://www.heiwakinen.go.jp/,history,35.6914206,139.6925951,D
Ota Ward Ryushi Memorial Museum,278.0,"[
  ""Museum"",
  ""Tourist attraction""
]",Museum,http://www.ota-bunka.or.jp/ryushi/,general,35.5823901,139.7153754,D
Meiji Memorial Museum,991.0,"[
  ""Art museum"",
  ""Tourist attraction""
]",Art museum,http://www.meijijingugaien.jp/art-culture/seitoku-gallery/,art,35.6788313,139.71762139999998,C
JCII Camera Museum,264.0,"[
  ""Technology museum"",
  ""Museum"",
  ""Tourist attraction""
]",Technology museum,http://www.jcii-cameramuseum.jp/,stem,35.6860612,139.7429439,D
Watarium Art Museum,753.0,"[
  ""Modern art museum"",
  ""Art museum"",
  ""Tourist attraction""
]",Modern art museum,http://www.watarium.co.jp/,art,35.6707251,139.7133581,C
大山街道ふるさと館,197.0,"[
  ""Local history museum"",
  ""History museum"",
  ""Tourist attraction""
]",Local history museum,https://www.furusatokan.info/,history,35.603407499999996,139.6128972,D
Setagaya Peace Museum,63.0,"[
  ""Local history museum""
]",Local history museum,https://www.city.setagaya.lg.jp/02422/9014.html,history,35.644320199999996,139.68079269999998,D
Japan Folk Crafts Museum,967.0,"[
  ""Museum""
]",Museum,https://www.mingeikan.or.jp/,general,35.660829,139.67921339999998,C
